"Symbol","Series","Date","Prev Close","Open Price","High Price","Low Price","Last Price","Close Price","Average Price","Total Traded Quantity","Turnover in Lacs","No. of Trades","Deliverable Qty","% Dly Qt to Traded Qty"
"INFY","EQ","02-Jan-2012","       2767.65","       2759.20","       2816.65","       2742.00","       2808.00","       2808.95","       2781.66","     728272","      20258.04","      40168","     308586","         42.37"
"INFY","EQ","03-Jan-2012","       2808.95","       2824.10","       2886.95","       2820.00","       2865.20","       2864.30","       2862.91","    1112876","      31860.66","      68763","     574103","         51.59"
"INFY","EQ","04-Jan-2012","       2864.30","       2845.00","       2875.00","       2841.05","       2845.00","       2854.40","       2855.72","     917678","      26206.27","      46897","     452371","         49.30"
"INFY","EQ","05-Jan-2012","       2854.40","       2839.20","       2876.00","       2831.45","       2840.00","       2840.15","       2853.86","     890659","      25418.18","      50037","     457603","         51.38"
"INFY","EQ","06-Jan-2012","       2840.15","       2838.00","       2867.60","       2811.10","       2829.10","       2832.15","       2835.26","     885954","      25119.10","      42072","     376852","         42.54"
"INFY","EQ","07-Jan-2012","       2832.15","       2838.90","       2851.50","       2828.05","       2834.95","       2835.20","       2839.03","      95521","       2711.87","       3720","      21548","         22.56"
"INFY","EQ","09-Jan-2012","       2835.20","       2847.50","       2866.30","       2817.20","       2827.80","       2836.55","       2841.07","    1033223","      29354.63","      42650","     555345","         53.75"
"INFY","EQ","10-Jan-2012","       2836.55","       2870.00","       2875.40","       2850.20","       2864.15","       2863.60","       2861.40","    1397397","      39985.09","      55820","    1014075","         72.57"
"INFY","EQ","11-Jan-2012","       2863.60","       2868.00","       2894.90","       2813.00","       2819.00","       2826.60","       2847.09","    1724475","      49097.36","      90102","     896134","         51.97"
"INFY","EQ","12-Jan-2012","       2826.60","       2750.00","       2750.00","       2578.05","       2590.25","       2588.25","       2627.49","    6121325","     160837.11","     280058","    2911697","         47.57"
"INFY","EQ","13-Jan-2012","       2588.25","       2618.00","       2619.00","       2552.25","       2582.00","       2584.20","       2580.67","    2612368","      67416.47","     149076","    1208548","         46.26"
"INFY","EQ","16-Jan-2012","       2584.20","       2581.25","       2644.00","       2579.10","       2640.00","       2640.15","       2626.54","    1648592","      43300.87","     120634","     955836","         57.98"
"INFY","EQ","17-Jan-2012","       2640.15","       2650.00","       2672.80","       2633.85","       2648.75","       2662.05","       2658.93","    1092553","      29050.17","      71946","     607111","         55.57"
"INFY","EQ","18-Jan-2012","       2662.05","       2644.00","       2644.00","       2585.00","       2607.00","       2612.05","       2608.83","    1212553","      31633.44","      73068","     733216","         60.47"
"INFY","EQ","19-Jan-2012","       2612.05","       2616.00","       2622.80","       2576.60","       2590.00","       2594.70","       2593.32","    1206542","      31289.54","      90036","     719190","         59.61"
"INFY","EQ","20-Jan-2012","       2594.70","       2596.00","       2609.70","       2576.30","       2580.00","       2588.80","       2590.49","    1454464","      37677.72","     108659","    1060028","         72.88"
"INFY","EQ","23-Jan-2012","       2588.80","       2590.00","       2615.50","       2589.00","       2602.00","       2600.30","       2604.10","     645108","      16799.28","      33559","     337810","         52.36"
"INFY","EQ","24-Jan-2012","       2600.30","       2618.00","       2639.60","       2595.00","       2613.00","       2620.80","       2618.61","     706651","      18504.46","      47078","     388242","         54.94"
"INFY","EQ","25-Jan-2012","       2620.80","       2635.00","       2675.00","       2625.00","       2668.90","       2665.80","       2656.08","    1318170","      35011.69","      80721","     970936","         73.66"
"INFY","EQ","27-Jan-2012","       2665.80","       2702.00","       2735.00","       2686.20","       2721.00","       2725.00","       2714.02","    1527359","      41452.79","      96787","     976868","         63.96"
"INFY","EQ","30-Jan-2012","       2725.00","       2698.90","       2725.20","       2690.00","       2699.00","       2712.30","       2702.67","    1198557","      32393.01","      69911","     792164","         66.09"
"INFY","EQ","31-Jan-2012","       2712.30","       2712.00","       2754.65","       2706.00","       2740.00","       2746.00","       2740.68","    1082362","      29664.03","      50686","     717378","         66.28"
"INFY","EQ","01-Feb-2012","       2746.00","       2739.70","       2748.00","       2695.65","       2746.00","       2742.70","       2720.92","     783667","      21322.98","      62319","     458799","         58.55"
"INFY","EQ","02-Feb-2012","       2742.70","       2740.10","       2783.00","       2730.00","       2752.95","       2757.00","       2758.27","    1442282","      39782.00","      63940","    1002392","         69.50"
"INFY","EQ","03-Feb-2012","       2757.00","       2740.05","       2792.00","       2740.05","       2778.10","       2783.25","       2779.09","    1454650","      40426.06","      64571","    1103540","         75.86"
"INFY","EQ","06-Feb-2012","       2783.25","       2805.10","       2807.90","       2752.10","       2760.00","       2777.10","       2783.22","     992210","      27615.36","      60633","     656213","         66.14"
"INFY","EQ","07-Feb-2012","       2777.10","       2805.00","       2805.00","       2713.65","       2731.35","       2727.50","       2758.58","     902705","      24901.87","      60462","     579017","         64.14"
"INFY","EQ","08-Feb-2012","       2727.50","       2748.00","       2782.00","       2741.35","       2765.95","       2769.15","       2763.51","     833937","      23045.93","      53189","     529229","         63.46"
"INFY","EQ","09-Feb-2012","       2769.15","       2749.00","       2822.10","       2731.85","       2806.20","       2809.90","       2779.65","    1269605","      35290.63","      69219","     867282","         68.31"
"INFY","EQ","10-Feb-2012","       2809.90","       2799.00","       2802.00","       2751.15","       2775.05","       2790.40","       2779.00","     647202","      17985.75","      42377","     318965","         49.28"
"INFY","EQ","13-Feb-2012","       2790.40","       2775.25","       2800.50","       2757.10","       2780.00","       2788.40","       2779.16","     716751","      19919.69","      34745","     463702","         64.69"
"INFY","EQ","14-Feb-2012","       2788.40","       2776.00","       2809.90","       2764.00","       2809.00","       2801.05","       2789.51","     684721","      19100.37","      45331","     373034","         54.48"
"INFY","EQ","15-Feb-2012","       2801.05","       2815.00","       2875.00","       2815.00","       2858.40","       2864.10","       2849.97","     897291","      25572.49","      41516","     564457","         62.91"
"INFY","EQ","16-Feb-2012","       2864.10","       2864.00","       2917.70","       2860.55","       2912.85","       2908.95","       2888.40","    1032069","      29810.25","      52354","     659182","         63.87"
"INFY","EQ","17-Feb-2012","       2908.95","       2916.25","       2978.00","       2900.15","       2958.90","       2947.80","       2942.75","    1432160","      42144.85","      82093","     860545","         60.09"
"INFY","EQ","21-Feb-2012","       2947.80","       2930.00","       2959.90","       2911.25","       2926.00","       2938.25","       2940.98","     756153","      22238.33","      47060","     460297","         60.87"
"INFY","EQ","22-Feb-2012","       2938.25","       2905.20","       2994.00","       2905.20","       2945.15","       2952.25","       2962.49","    1301640","      38560.99","      60264","     761268","         58.49"
"INFY","EQ","23-Feb-2012","       2952.25","       2939.00","       2982.60","       2916.20","       2929.10","       2933.15","       2952.41","    1309370","      38658.00","      71717","     778177","         59.43"
"INFY","EQ","24-Feb-2012","       2933.15","       2932.00","       2974.00","       2923.50","       2938.00","       2948.05","       2949.17","    1067055","      31469.26","      43868","     674017","         63.17"
"INFY","EQ","27-Feb-2012","       2948.05","       2965.00","       2965.00","       2872.00","       2874.95","       2883.35","       2911.86","     863821","      25153.23","      46039","     514985","         59.62"
"INFY","EQ","28-Feb-2012","       2883.35","       2886.00","       2910.00","       2854.95","       2880.00","       2872.40","       2873.43","     993775","      28555.38","      43956","     591419","         59.51"
"INFY","EQ","29-Feb-2012","       2872.40","       2894.00","       2908.10","       2864.20","       2871.10","       2883.45","       2885.53","    1108551","      31987.58","      64646","     722555","         65.18"
"INFY","EQ","01-Mar-2012","       2883.45","       2851.55","       2875.00","       2805.00","       2845.35","       2856.65","       2841.36","    1225829","      34830.20","      67718","     724074","         59.07"
"INFY","EQ","02-Mar-2012","       2856.65","       2865.00","       2865.00","       2813.10","       2858.00","       2845.70","       2834.41","     759707","      21533.24","      39637","     468534","         61.67"
"INFY","EQ","03-Mar-2012","       2845.70","       2846.85","       2869.35","       2846.85","       2854.00","       2858.10","       2858.97","      21694","        620.23","       1350","       4352","         20.06"
"INFY","EQ","05-Mar-2012","       2858.10","       2858.10","       2863.85","       2796.70","       2805.15","       2809.85","       2818.88","     722557","      20368.01","      35353","     431216","         59.68"
"INFY","EQ","06-Mar-2012","       2809.85","       2805.10","       2880.00","       2801.10","       2835.00","       2852.45","       2850.43","    1293711","      36876.31","      67381","     839580","         64.90"
"INFY","EQ","07-Mar-2012","       2852.45","       2842.00","       2895.00","       2835.10","       2889.70","       2883.85","       2875.88","     988571","      28430.07","      61494","     635221","         64.26"
"INFY","EQ","09-Mar-2012","       2883.85","       2894.00","       2903.00","       2848.00","       2856.50","       2855.30","       2875.87","     830601","      23887.02","      40571","     452676","         54.50"
"INFY","EQ","12-Mar-2012","       2855.30","       2915.00","       2915.00","       2781.00","       2816.00","       2817.40","       2820.21","     911809","      25714.97","      63068","     508241","         55.74"
"INFY","EQ","13-Mar-2012","       2817.40","       2843.95","       2869.85","       2842.00","       2860.05","       2859.80","       2857.41","     963803","      27539.76","      40459","     706055","         73.26"
"INFY","EQ","14-Mar-2012","       2859.80","       2890.00","       2915.00","       2853.95","       2879.90","       2878.85","       2882.69","    1325261","      38203.16","      60135","     911851","         68.81"
"INFY","EQ","15-Mar-2012","       2878.85","       2895.00","       2905.15","       2870.50","       2872.00","       2881.90","       2885.35","     781420","      22546.73","      48025","     533855","         68.32"
"INFY","EQ","16-Mar-2012","       2881.90","       2905.00","       2913.00","       2847.15","       2860.00","       2864.95","       2882.17","    1128876","      32536.11","      52317","     650117","         57.59"
"INFY","EQ","19-Mar-2012","       2864.95","       2895.00","       2900.00","       2811.30","       2835.05","       2837.50","       2844.58","     757691","      21553.10","      35769","     412532","         54.45"
"INFY","EQ","20-Mar-2012","       2837.50","       2826.00","       2853.20","       2803.00","       2830.00","       2831.35","       2826.82","    1153173","      32598.17","      38170","     696164","         60.37"
"INFY","EQ","21-Mar-2012","       2831.35","       2832.45","       2890.00","       2821.00","       2864.00","       2867.30","       2859.07","     781333","      22338.89","      41612","     453061","         57.99"
"INFY","EQ","22-Mar-2012","       2867.30","       2874.00","       2874.55","       2814.30","       2817.45","       2828.30","       2842.38","     708080","      20126.35","      33439","     380663","         53.76"
"INFY","EQ","23-Mar-2012","       2828.30","       2833.00","       2882.75","       2830.40","       2875.10","       2872.70","       2861.35","     687217","      19663.69","      29019","     420071","         61.13"
"INFY","EQ","26-Mar-2012","       2872.70","       2869.00","       2869.00","       2821.10","       2821.10","       2830.75","       2837.13","     615333","      17457.82","      37058","     369186","         60.00"
"INFY","EQ","27-Mar-2012","       2830.75","       2860.00","       2903.75","       2832.30","       2875.00","       2875.90","       2870.05","     948844","      27232.33","      48409","     521177","         54.93"
"INFY","EQ","28-Mar-2012","       2875.90","       2866.00","       2874.70","       2824.00","       2850.05","       2843.10","       2848.31","     739990","      21077.20","      35457","     441506","         59.66"
"INFY","EQ","29-Mar-2012","       2843.10","       2820.50","       2838.35","       2767.80","       2795.00","       2792.00","       2793.22","    1750026","      48882.10","      63840","    1145039","         65.43"
"INFY","EQ","30-Mar-2012","       2792.00","       2809.90","       2873.00","       2803.00","       2860.00","       2866.30","       2847.41","     995450","      28344.55","      49567","     605704","         60.85"
"INFY","EQ","02-Apr-2012","       2866.30","       2864.00","       2888.75","       2841.00","       2859.95","       2850.20","       2854.77","     606448","      17312.72","      38060","     354888","         58.52"
"INFY","EQ","03-Apr-2012","       2850.20","       2866.30","       2877.65","       2842.55","       2858.00","       2858.45","       2853.51","     681448","      19445.19","      36248","     409550","         60.10"
"INFY","EQ","04-Apr-2012","       2858.45","       2849.00","       2874.95","       2844.00","       2850.00","       2851.10","       2855.68","     656768","      18755.19","      36221","     413913","         63.02"
"INFY","EQ","09-Apr-2012","       2851.10","       2837.50","       2859.35","       2812.40","       2820.00","       2822.75","       2826.68","     817696","      23113.64","      33119","     513711","         62.82"
"INFY","EQ","10-Apr-2012","       2822.75","       2842.00","       2847.65","       2737.00","       2773.00","       2771.40","       2780.80","     905382","      25176.87","      53030","     436705","         48.23"
"INFY","EQ","11-Apr-2012","       2771.40","       2768.95","       2825.00","       2743.20","       2823.00","       2804.40","       2789.61","    1022455","      28522.48","      65468","     517296","         50.59"
"INFY","EQ","12-Apr-2012","       2804.40","       2822.75","       2831.85","       2738.45","       2752.85","       2750.65","       2771.40","    1475701","      40897.60","      84298","     889185","         60.26"
"INFY","EQ","13-Apr-2012","       2750.65","       2518.00","       2522.70","       2389.10","       2398.05","       2402.55","       2461.57","    9406946","     231558.34","     419015","    5251903","         55.83"
"INFY","EQ","16-Apr-2012","       2402.55","       2400.00","       2426.55","       2333.05","       2369.00","       2364.55","       2370.55","    4186435","      99241.42","     194716","    2237052","         53.44"
"INFY","EQ","17-Apr-2012","       2364.55","       2399.00","       2399.00","       2336.10","       2383.30","       2380.70","       2369.35","    2960886","      70153.74","     124991","    1693223","         57.19"
"INFY","EQ","18-Apr-2012","       2380.70","       2400.00","       2402.55","       2355.00","       2368.00","       2371.25","       2369.92","    2395666","      56775.25","     126704","    1607272","         67.09"
"INFY","EQ","19-Apr-2012","       2371.25","       2379.90","       2414.95","       2368.00","       2410.00","       2405.40","       2396.57","    2139189","      51267.26","     101686","    1233195","         57.65"
"INFY","EQ","20-Apr-2012","       2405.40","       2394.75","       2428.40","       2362.50","       2405.10","       2407.40","       2410.75","    1438440","      34677.23","      62813","     756608","         52.60"
"INFY","EQ","23-Apr-2012","       2407.40","       2390.00","       2390.00","       2305.00","       2307.00","       2310.90","       2337.51","    2267087","      52993.39","     122749","    1324702","         58.43"
"INFY","EQ","24-Apr-2012","       2310.90","       2310.65","       2364.80","       2198.30","       2348.40","       2349.55","       2299.23","    6629739","     152432.71","     275575","    3449233","         52.03"
"INFY","EQ","25-Apr-2012","       2349.55","       2349.70","       2365.00","       2303.25","       2352.00","       2349.95","       2344.91","    3079813","      72218.77","     114643","    1826001","         59.29"
"INFY","EQ","26-Apr-2012","       2349.95","       2350.00","       2378.80","       2342.35","       2351.00","       2356.20","       2362.94","    2142133","      50617.41","      73728","    1462595","         68.28"
"INFY","EQ","27-Apr-2012","       2356.20","       2357.00","       2398.00","       2355.00","       2394.50","       2391.00","       2369.89","    1757808","      41658.13","      69169","    1330669","         75.70"
"INFY","EQ","28-Apr-2012","       2391.00","       2397.75","       2404.30","       2387.10","       2395.00","       2395.80","       2394.76","      61869","       1481.61","       3580","      13417","         21.69"
"INFY","EQ","30-Apr-2012","       2395.80","       2392.00","       2468.00","       2390.35","       2458.90","       2462.10","       2448.61","    1358701","      33269.24","      85696","     890609","         65.55"
"INFY","EQ","02-May-2012","       2462.10","       2465.00","       2488.00","       2461.75","       2464.90","       2472.00","       2475.14","    1265586","      31325.06","      56147","     852921","         67.39"
"INFY","EQ","03-May-2012","       2472.00","       2460.00","       2497.25","       2460.00","       2484.00","       2482.90","       2484.61","    1425091","      35407.90","      59665","     865440","         60.73"
"INFY","EQ","04-May-2012","       2482.90","       2482.00","       2498.00","       2423.40","       2443.55","       2441.95","       2456.23","    1350111","      33161.89","      61488","     792560","         58.70"
"INFY","EQ","07-May-2012","       2441.95","       2409.00","       2448.80","       2367.90","       2434.00","       2437.60","       2409.21","    1338750","      32253.35","      59886","     781494","         58.37"
"INFY","EQ","08-May-2012","       2437.60","       2395.00","       2407.75","       2329.15","       2389.00","       2393.90","       2378.30","    1440830","      34267.28","      74058","     828514","         57.50"
"INFY","EQ","09-May-2012","       2393.90","       2368.00","       2394.80","       2352.60","       2357.10","       2366.25","       2378.31","    1312268","      31209.85","      68823","     929137","         70.80"
"INFY","EQ","10-May-2012","       2366.25","       2368.00","       2384.85","       2322.30","       2345.00","       2344.20","       2345.43","    1135503","      26632.46","      51073","     588735","         51.85"
"INFY","EQ","11-May-2012","       2344.20","       2344.00","       2360.00","       2292.05","       2312.00","       2311.30","       2310.25","    1112664","      25705.37","      53164","     690847","         62.09"
"INFY","EQ","14-May-2012","       2311.30","       2320.20","       2345.50","       2304.10","       2344.00","       2338.95","       2326.62","     989802","      23028.98","      34686","     704771","         71.20"
"INFY","EQ","15-May-2012","       2338.95","       2305.00","       2429.00","       2305.00","       2401.00","       2415.20","       2384.85","    1283394","      30607.00","      65302","     799446","         62.29"
"INFY","EQ","16-May-2012","       2415.20","       2378.00","       2385.00","       2354.00","       2360.45","       2368.45","       2367.56","    1073661","      25419.60","      52530","     740666","         68.99"
"INFY","EQ","17-May-2012","       2368.45","       2368.45","       2377.45","       2346.40","       2366.40","       2370.55","       2365.05","     725927","      17168.55","      36371","     401400","         55.29"
"INFY","EQ","18-May-2012","       2370.55","       2325.35","       2405.00","       2302.15","       2403.00","       2382.85","       2341.82","     742270","      17382.62","      42311","     331242","         44.63"
"INFY","EQ","21-May-2012","       2382.85","       2384.90","       2385.50","       2324.00","       2333.00","       2340.45","       2354.41","     597095","      14058.08","      43861","     318517","         53.34"
"INFY","EQ","22-May-2012","       2340.45","       2355.00","       2368.05","       2323.65","       2355.00","       2341.10","       2347.01","     727901","      17083.88","      35705","     442611","         60.81"
"INFY","EQ","23-May-2012","       2341.10","       2355.00","       2364.80","       2307.20","       2342.05","       2348.20","       2334.58","     675254","      15764.36","      51770","     308047","         45.62"
"INFY","EQ","24-May-2012","       2348.20","       2349.00","       2388.90","       2313.00","       2377.00","       2380.80","       2357.53","     951506","      22432.04","      55975","     525382","         55.22"
"INFY","EQ","25-May-2012","       2380.80","       2363.00","       2385.00","       2351.05","       2379.00","       2372.85","       2371.29","     539216","      12786.39","      37333","     290933","         53.95"
"INFY","EQ","28-May-2012","       2372.85","       2394.00","       2398.00","       2362.60","       2385.00","       2385.80","       2378.63","     590723","      14051.13","      28472","     377489","         63.90"
"INFY","EQ","29-May-2012","       2385.80","       2391.00","       2425.00","       2378.00","       2400.15","       2409.50","       2408.88","     643095","      15491.41","      46935","     373035","         58.01"
"INFY","EQ","30-May-2012","       2409.50","       2407.00","       2458.80","       2392.70","       2422.00","       2432.30","       2430.83","    1006436","      24464.70","      61639","     594931","         59.11"
"INFY","EQ","31-May-2012","       2432.30","       2408.00","       2552.00","       2391.10","       2470.00","       2429.35","       2416.36","    2703294","      65321.31","      81690","    1907635","         70.57"
"INFY","EQ","01-Jun-2012","       2429.35","       2415.00","       2431.50","       2383.00","       2385.00","       2389.20","       2398.85","     817880","      19619.68","      31315","     471750","         57.68"
"INFY","EQ","04-Jun-2012","       2389.20","       2374.00","       2396.35","       2345.00","       2378.80","       2385.60","       2373.22","     601511","      14275.17","      31448","     354682","         58.97"
"INFY","EQ","05-Jun-2012","       2385.60","       2385.00","       2411.90","       2374.70","       2390.50","       2388.85","       2391.47","     749090","      17914.27","      26790","     448486","         59.87"
"INFY","EQ","06-Jun-2012","       2388.85","       2397.20","       2433.35","       2396.40","       2405.00","       2415.50","       2418.26","    1097148","      26531.85","      45313","     702586","         64.04"
"INFY","EQ","07-Jun-2012","       2415.50","       2448.00","       2464.85","       2436.15","       2454.90","       2452.95","       2453.47","     830886","      20385.53","      52569","     525674","         63.27"
"INFY","EQ","08-Jun-2012","       2452.95","       2488.90","       2488.90","       2392.80","       2429.25","       2419.25","       2415.33","     695603","      16801.11","      42106","     337231","         48.48"
"INFY","EQ","11-Jun-2012","       2419.25","       2427.00","       2452.75","       2414.90","       2418.10","       2425.65","       2437.64","     444223","      10828.54","      26217","     208910","         47.03"
"INFY","EQ","12-Jun-2012","       2425.65","       2402.20","       2470.00","       2402.20","       2454.00","       2458.05","       2449.28","     516835","      12658.75","      24020","     241086","         46.65"
"INFY","EQ","13-Jun-2012","       2458.05","       2451.25","       2489.70","       2442.00","       2477.00","       2470.10","       2470.72","     769723","      19017.68","      33529","     427599","         55.55"
"INFY","EQ","14-Jun-2012","       2470.10","       2461.00","       2510.00","       2461.00","       2498.50","       2498.30","       2497.41","     985417","      24609.92","      43613","     574012","         58.25"
"INFY","EQ","15-Jun-2012","       2498.30","       2510.05","       2532.00","       2502.75","       2522.00","       2522.55","       2521.15","     788939","      19890.36","      31146","     477974","         60.58"
"INFY","EQ","18-Jun-2012","       2522.55","       2535.00","       2544.35","       2496.50","       2505.05","       2511.70","       2518.31","     889629","      22403.62","      36360","     620678","         69.77"
"INFY","EQ","19-Jun-2012","       2511.70","       2500.00","       2505.00","       2457.90","       2480.10","       2477.00","       2479.30","     801760","      19878.03","      76373","     476448","         59.43"
"INFY","EQ","20-Jun-2012","       2477.00","       2480.00","       2485.00","       2452.95","       2470.00","       2470.10","       2469.36","     816997","      20174.62","      44042","     569650","         69.72"
"INFY","EQ","21-Jun-2012","       2470.10","       2456.00","       2503.00","       2440.15","       2499.00","       2491.30","       2465.35","     817077","      20143.81","      44523","     463783","         56.76"
"INFY","EQ","22-Jun-2012","       2491.30","       2449.75","       2484.50","       2426.45","       2475.00","       2474.45","       2468.89","     801791","      19795.34","      32386","     474323","         59.16"
"INFY","EQ","25-Jun-2012","       2474.45","       2474.90","       2488.00","       2458.25","       2458.25","       2468.15","       2470.22","     993681","      24546.07","      45911","     748786","         75.35"
"INFY","EQ","26-Jun-2012","       2468.15","       2453.10","       2459.90","       2429.55","       2442.15","       2440.40","       2441.70","    1291270","      31528.88","      57025","    1045451","         80.96"
"INFY","EQ","27-Jun-2012","       2440.40","       2452.00","       2475.00","       2448.45","       2467.00","       2468.10","       2465.95","    1084673","      26747.52","      34582","     896836","         82.68"
"INFY","EQ","28-Jun-2012","       2468.10","       2465.00","       2497.00","       2448.35","       2468.90","       2473.30","       2481.64","     951622","      23615.80","      38880","     566549","         59.54"
"INFY","EQ","29-Jun-2012","       2473.30","       2494.00","       2519.00","       2476.20","       2498.00","       2509.20","       2506.76","    1170621","      29344.62","      56460","     851816","         72.77"
"INFY","EQ","02-Jul-2012","       2509.20","       2503.00","       2518.80","       2490.70","       2500.00","       2499.40","       2499.77","     646902","      16171.08","      34229","     451278","         69.76"
"INFY","EQ","03-Jul-2012","       2499.40","       2516.25","       2516.25","       2476.60","       2492.20","       2490.55","       2488.64","     803601","      19998.73","      34991","     571810","         71.16"
"INFY","EQ","04-Jul-2012","       2490.55","       2500.00","       2504.85","       2469.00","       2480.25","       2479.40","       2481.22","     798852","      19821.30","      43887","     516391","         64.64"
"INFY","EQ","05-Jul-2012","       2479.40","       2480.25","       2488.00","       2462.50","       2483.05","       2480.25","       2474.12","     722558","      17876.96","      36534","     494939","         68.50"
"INFY","EQ","06-Jul-2012","       2480.25","       2476.00","       2485.00","       2440.00","       2442.00","       2444.65","       2448.45","     610930","      14958.34","      35321","     410146","         67.13"
"INFY","EQ","09-Jul-2012","       2444.65","       2421.10","       2468.90","       2402.00","       2436.00","       2437.95","       2442.20","     914335","      22329.93","      59189","     581670","         63.62"
"INFY","EQ","09-Jul-2012","       2444.65","       2421.10","       2468.90","       2402.00","       2436.00","       2437.95","       2442.20","     914335","      22329.93","      59189","     581670","         63.62"
"INFY","EQ","10-Jul-2012","       2437.95","       2444.00","       2463.30","       2441.35","       2459.80","       2459.40","       2453.62","     881840","      21636.96","      57267","     598234","         67.84"
"INFY","EQ","11-Jul-2012","       2459.40","       2450.00","       2502.40","       2445.00","       2450.00","       2471.00","       2476.74","    2118235","      52463.24","      91670","    1177160","         55.57"
"INFY","EQ","12-Jul-2012","       2471.00","       2250.00","       2280.00","       2219.00","       2260.00","       2264.40","       2250.95","    6783983","     152704.01","     288326","    3344396","         49.30"
"INFY","EQ","13-Jul-2012","       2264.40","       2218.00","       2258.80","       2218.00","       2222.90","       2229.80","       2241.39","    3344563","      74964.69","     127857","    2509986","         75.05"
"INFY","EQ","16-Jul-2012","       2229.80","       2230.00","       2241.40","       2163.25","       2167.00","       2171.30","       2189.89","    2305137","      50479.88","     119422","    1444531","         62.67"
"INFY","EQ","17-Jul-2012","       2171.30","       2184.90","       2198.00","       2162.30","       2170.40","       2171.25","       2177.20","    1687891","      36748.68","      89865","    1042151","         61.74"
"INFY","EQ","18-Jul-2012","       2171.25","       2171.25","       2188.90","       2163.00","       2176.00","       2178.90","       2179.34","     984158","      21448.12","      53202","     602692","         61.24"
"INFY","EQ","19-Jul-2012","       2178.90","       2200.00","       2250.00","       2193.25","       2240.00","       2245.20","       2231.68","    1364049","      30441.24","      80761","     732320","         53.69"
"INFY","EQ","20-Jul-2012","       2245.20","       2244.90","       2244.90","       2205.30","       2221.75","       2218.75","       2219.81","     644229","      14300.65","      35322","     416030","         64.58"
"INFY","EQ","23-Jul-2012","       2218.75","       2200.00","       2209.90","       2182.60","       2195.05","       2189.10","       2193.54","     486350","      10668.27","      30809","     284037","         58.40"
"INFY","EQ","24-Jul-2012","       2189.10","       2190.50","       2212.00","       2165.10","       2170.60","       2168.65","       2177.93","     894189","      19474.78","      41392","     499723","         55.89"
"INFY","EQ","25-Jul-2012","       2168.65","       2174.00","       2180.00","       2150.00","       2165.25","       2168.55","       2163.61","     879568","      19030.45","      49103","     517453","         58.83"
"INFY","EQ","26-Jul-2012","       2168.55","       2167.00","       2167.00","       2101.25","       2118.00","       2123.80","       2133.62","    1496917","      31938.57","      55103","     984132","         65.74"
"INFY","EQ","27-Jul-2012","       2123.80","       2162.00","       2164.00","       2109.30","       2149.95","       2148.65","       2141.45","    1232811","      26400.09","      88249","     753898","         61.15"
"INFY","EQ","30-Jul-2012","       2148.65","       2160.00","       2215.00","       2157.55","       2210.65","       2209.70","       2195.00","     895865","      19664.28","      70851","     621139","         69.33"
"INFY","EQ","31-Jul-2012","       2209.70","       2215.00","       2236.00","       2185.00","       2222.00","       2226.95","       2217.26","     864305","      19163.92","      49250","     567134","         65.62"
"INFY","EQ","01-Aug-2012","       2226.95","       2215.00","       2230.40","       2200.75","       2219.00","       2218.55","       2213.82","     380998","       8434.60","      25175","     201301","         52.84"
"INFY","EQ","02-Aug-2012","       2218.55","       2218.00","       2226.80","       2195.00","       2208.00","       2205.75","       2208.32","     302504","       6680.27","      18729","     130010","         42.98"
"INFY","EQ","03-Aug-2012","       2205.75","       2196.25","       2217.35","       2185.10","       2214.00","       2208.50","       2199.73","     386949","       8511.82","      33637","     205845","         53.20"
"INFY","EQ","06-Aug-2012","       2208.50","       2222.20","       2234.90","       2207.40","       2210.00","       2216.80","       2220.09","     406348","       9021.31","      28429","     259919","         63.96"
"INFY","EQ","07-Aug-2012","       2216.80","       2232.00","       2269.40","       2222.10","       2245.20","       2253.30","       2252.38","     683168","      15387.52","      39201","     401228","         58.73"
"INFY","EQ","08-Aug-2012","       2253.30","       2262.00","       2295.00","       2260.00","       2286.90","       2283.60","       2282.34","    1004888","      22934.91","      64332","     694812","         69.14"
"INFY","EQ","09-Aug-2012","       2283.60","       2290.25","       2311.50","       2275.00","       2287.95","       2282.05","       2294.27","     866387","      19877.25","      51878","     541276","         62.48"
"INFY","EQ","10-Aug-2012","       2282.05","       2278.00","       2321.00","       2264.00","       2321.00","       2313.05","       2295.17","     704461","      16168.55","      49626","     449539","         63.81"
"INFY","EQ","13-Aug-2012","       2313.05","       2301.30","       2331.00","       2300.10","       2320.50","       2320.10","       2319.00","     501741","      11635.39","      28796","     313288","         62.44"
"INFY","EQ","14-Aug-2012","       2320.10","       2313.30","       2335.00","       2289.35","       2328.00","       2329.35","       2320.64","     505602","      11733.19","      30439","     291458","         57.65"
"INFY","EQ","16-Aug-2012","       2329.35","       2328.15","       2328.15","       2301.05","       2315.00","       2315.45","       2315.23","     466203","      10793.69","      39511","     319870","         68.61"
"INFY","EQ","17-Aug-2012","       2315.45","       2324.00","       2355.00","       2316.30","       2351.95","       2351.05","       2345.69","    1061660","      24903.30","      48619","     719609","         67.78"
"INFY","EQ","21-Aug-2012","       2351.05","       2365.00","       2439.00","       2365.00","       2406.15","       2409.00","       2411.95","    1525767","      36800.77","      69684","     856545","         56.14"
"INFY","EQ","22-Aug-2012","       2409.00","       2402.90","       2440.00","       2394.15","       2439.70","       2433.60","       2422.38","     643646","      15591.53","      60172","     333058","         51.75"
"INFY","EQ","23-Aug-2012","       2433.60","       2435.00","       2483.00","       2424.25","       2480.00","       2477.20","       2465.78","    1840357","      45379.17","      91767","    1334156","         72.49"
"INFY","EQ","24-Aug-2012","       2477.20","       2448.00","       2458.35","       2434.00","       2446.00","       2444.80","       2445.44","     840564","      20555.48","      37546","     600143","         71.40"
"INFY","EQ","27-Aug-2012","       2444.80","       2430.20","       2446.50","       2405.60","       2415.00","       2411.90","       2420.58","     986420","      23877.13","      31924","     741363","         75.16"
"INFY","EQ","28-Aug-2012","       2411.90","       2397.00","       2451.45","       2397.00","       2419.00","       2421.15","       2435.16","     708257","      17247.19","      36387","     429752","         60.68"
"INFY","EQ","29-Aug-2012","       2421.15","       2422.00","       2422.00","       2382.45","       2387.05","       2388.30","       2395.48","     702052","      16817.52","      43679","     456020","         64.96"
"INFY","EQ","30-Aug-2012","       2388.30","       2383.85","       2406.15","       2370.05","       2381.10","       2392.70","       2390.77","    1396924","      33397.23","      38971","     874976","         62.64"
"INFY","EQ","31-Aug-2012","       2392.70","       2386.00","       2386.00","       2354.75","       2361.05","       2361.65","       2368.76","     726383","      17206.24","      26308","     498290","         68.60"
"INFY","EQ","03-Sep-2012","       2361.65","       2366.00","       2398.90","       2358.00","       2359.60","       2365.10","       2378.29","     540189","      12847.26","      19218","     316345","         58.56"
"INFY","EQ","04-Sep-2012","       2365.10","       2360.35","       2372.00","       2344.10","       2368.00","       2360.80","       2357.38","     291666","       6875.69","      15340","     142661","         48.91"
"INFY","EQ","05-Sep-2012","       2360.80","       2347.00","       2357.00","       2332.20","       2338.00","       2339.45","       2344.62","     501653","      11761.87","      25278","     252785","         50.39"
"INFY","EQ","06-Sep-2012","       2339.45","       2350.50","       2427.90","       2350.50","       2422.15","       2422.00","       2411.31","     952923","      22977.95","      49910","     503755","         52.86"
"INFY","EQ","07-Sep-2012","       2422.00","       2455.00","       2494.00","       2451.10","       2492.20","       2487.25","       2472.16","     759462","      18775.14","      47550","     443987","         58.46"
"INFY","EQ","08-Sep-2012","       2487.25","       2477.20","       2499.90","       2477.20","       2495.30","       2496.00","       2491.09","      79079","       1969.93","       3574","      36802","         46.54"
"INFY","EQ","10-Sep-2012","       2496.00","       2496.00","       2527.00","       2478.75","       2507.00","       2512.35","       2503.01","     917165","      22956.69","      55542","     402455","         43.88"
"INFY","EQ","11-Sep-2012","       2512.35","       2500.00","       2535.95","       2474.60","       2527.10","       2529.50","       2514.62","     680238","      17105.38","      34919","     345895","         50.85"
"INFY","EQ","12-Sep-2012","       2529.50","       2531.00","       2549.95","       2521.15","       2540.00","       2539.70","       2537.41","     635416","      16123.10","      33362","     302044","         47.53"
"INFY","EQ","13-Sep-2012","       2539.70","       2538.80","       2566.90","       2518.00","       2565.20","       2555.05","       2537.85","     656213","      16653.71","      36863","     358698","         54.66"
"INFY","EQ","14-Sep-2012","       2555.05","       2588.00","       2644.70","       2586.10","       2631.00","       2632.10","       2612.41","    1328481","      34705.35","      69925","     848797","         63.89"
"INFY","EQ","17-Sep-2012","       2632.10","       2649.00","       2649.00","       2547.00","       2560.10","       2564.50","       2570.44","    1232409","      31678.31","      62154","     844750","         68.54"
"INFY","EQ","18-Sep-2012","       2564.50","       2580.00","       2619.00","       2578.00","       2593.80","       2600.80","       2607.20","     898025","      23413.27","      39844","     590489","         65.75"
"INFY","EQ","20-Sep-2012","       2600.80","       2556.60","       2645.00","       2556.60","       2610.00","       2617.20","       2610.09","    1453142","      37928.36","      85023","     954058","         65.65"
"INFY","EQ","21-Sep-2012","       2617.20","       2615.35","       2650.00","       2583.60","       2594.85","       2593.30","       2613.03","    1536734","      40155.25","      55321","     898510","         58.47"
"INFY","EQ","24-Sep-2012","       2593.30","       2600.00","       2609.90","       2575.15","       2598.00","       2600.15","       2593.27","    1106754","      28701.09","      46837","     832661","         75.23"
"INFY","EQ","25-Sep-2012","       2600.15","       2590.00","       2611.00","       2588.05","       2598.50","       2598.05","       2599.54","    1106219","      28756.56","      37440","     871413","         78.77"
"INFY","EQ","26-Sep-2012","       2598.05","       2578.00","       2600.00","       2567.15","       2580.00","       2589.30","       2581.52","    1061238","      27396.03","      35516","     829278","         78.14"
"INFY","EQ","27-Sep-2012","       2589.30","       2592.50","       2593.00","       2534.75","       2551.15","       2549.35","       2554.49","    1727860","      44138.05","      58691","    1215425","         70.34"
"INFY","EQ","28-Sep-2012","       2549.35","       2561.00","       2579.90","       2526.20","       2537.00","       2534.95","       2552.36","    1210653","      30900.22","      57823","     852294","         70.40"
"INFY","EQ","01-Oct-2012","       2534.95","       2551.30","       2620.20","       2549.00","       2608.50","       2609.65","       2592.48","    1103286","      28602.43","      48341","     650073","         58.92"
"INFY","EQ","03-Oct-2012","       2609.65","       2605.25","       2619.15","       2560.50","       2573.00","       2578.25","       2586.82","     977953","      25297.88","      53428","     507069","         51.85"
"INFY","EQ","04-Oct-2012","       2578.25","       2575.10","       2594.90","       2557.05","       2578.00","       2575.65","       2572.79","     895535","      23040.25","      37469","     535868","         59.84"
"INFY","EQ","05-Oct-2012","       2575.65","       2585.00","       2585.00","       2060.55","       2526.50","       2526.85","       2515.49","    1454000","      36575.19","      53549","     527450","         36.28"
"INFY","EQ","08-Oct-2012","       2526.85","       2524.80","       2542.90","       2460.00","       2488.25","       2488.20","       2500.87","    1009680","      25250.79","      80255","     657600","         65.13"
"INFY","EQ","09-Oct-2012","       2488.20","       2505.00","       2550.00","       2484.00","       2529.00","       2536.25","       2513.62","    1135540","      28543.19","      59574","     720267","         63.43"
"INFY","EQ","10-Oct-2012","       2536.25","       2507.10","       2528.15","       2489.60","       2490.00","       2504.15","       2509.13","     741513","      18605.50","      39546","     382248","         51.55"
"INFY","EQ","11-Oct-2012","       2504.15","       2496.00","       2580.05","       2481.20","       2529.80","       2533.20","       2527.65","    1870800","      47287.21","      88438","     763189","         40.79"
"INFY","EQ","12-Oct-2012","       2533.20","       2350.00","       2447.85","       2311.00","       2390.00","       2395.35","       2380.01","    7087722","     168688.54","     322668","    2103252","         29.67"
"INFY","EQ","15-Oct-2012","       2395.35","       2385.70","       2412.00","       2352.80","       2363.75","       2365.60","       2380.82","    1848765","      44015.77","     103396","     927193","         50.15"
"INFY","EQ","16-Oct-2012","       2365.60","       2379.90","       2389.00","       2347.00","       2356.00","       2355.70","       2371.03","     910256","      21582.48","      43346","     462132","         50.77"
"INFY","EQ","17-Oct-2012","       2355.70","       2376.05","       2379.00","       2357.25","       2369.95","       2370.15","       2365.97","     713415","      16879.18","      41618","     414473","         58.10"
"INFY","EQ","18-Oct-2012","       2370.15","       2364.00","       2397.00","       2345.10","       2369.95","       2377.60","       2371.43","    1274072","      30213.77","      65612","     805855","         63.25"
"INFY","EQ","19-Oct-2012","       2377.60","       2366.00","       2397.00","       2366.00","       2388.00","       2383.35","       2381.07","    1367150","      32552.85","      82129","     948889","         69.41"
"INFY","EQ","22-Oct-2012","       2383.35","       2368.25","       2398.00","       2368.25","       2385.95","       2385.55","       2389.20","     570858","      13638.92","      29880","     343668","         60.20"
"INFY","EQ","23-Oct-2012","       2385.55","       2362.00","       2384.00","       2350.00","       2351.00","       2353.10","       2360.74","     592893","      13996.63","      37012","     364351","         61.45"
"INFY","EQ","25-Oct-2012","       2353.10","       2343.00","       2357.10","       2330.15","       2340.00","       2344.75","       2343.25","    1407097","      32971.82","      70207","    1092667","         77.65"
"INFY","EQ","26-Oct-2012","       2344.75","       2334.70","       2344.80","       2321.05","       2324.20","       2329.60","       2333.22","     427536","       9975.36","      25330","     242697","         56.77"
"INFY","EQ","29-Oct-2012","       2329.60","       2321.00","       2339.00","       2307.30","       2338.00","       2335.50","       2323.94","     592083","      13759.67","      33256","     349168","         58.97"
"INFY","EQ","30-Oct-2012","       2335.50","       2326.00","       2365.00","       2326.00","       2354.00","       2358.35","       2355.71","     716032","      16867.66","      25735","     518823","         72.46"
"INFY","EQ","31-Oct-2012","       2358.35","       2350.00","       2374.50","       2345.55","       2365.00","       2363.00","       2362.52","     814665","      19246.66","      24460","     615660","         75.57"
"INFY","EQ","01-Nov-2012","       2363.00","       2362.00","       2370.00","       2341.10","       2365.75","       2364.65","       2357.77","     876372","      20662.83","      39682","     660936","         75.42"
"INFY","EQ","02-Nov-2012","       2364.65","       2371.00","       2404.60","       2369.10","       2390.00","       2388.10","       2390.35","     881152","      21062.59","      43993","     614982","         69.79"
"INFY","EQ","05-Nov-2012","       2388.10","       2383.10","       2390.60","       2367.50","       2390.60","       2378.45","       2375.32","     619900","      14724.64","      27217","     478184","         77.14"
"INFY","EQ","06-Nov-2012","       2378.45","       2384.00","       2406.50","       2371.25","       2385.00","       2381.65","       2388.75","     851971","      20351.49","      40713","     618162","         72.56"
"INFY","EQ","07-Nov-2012","       2381.65","       2382.00","       2414.00","       2375.05","       2406.30","       2404.40","       2401.83","     586908","      14096.51","      32911","     322974","         55.03"
"INFY","EQ","08-Nov-2012","       2404.40","       2372.00","       2384.55","       2365.00","       2375.00","       2375.30","       2372.55","     653645","      15508.04","      37332","     464755","         71.10"
"INFY","EQ","09-Nov-2012","       2375.30","       2365.00","       2365.00","       2345.00","       2353.15","       2348.70","       2350.01","     742365","      17445.62","      36783","     550499","         74.15"
"INFY","EQ","12-Nov-2012","       2348.70","       2355.00","       2369.00","       2333.55","       2361.00","       2358.95","       2355.61","     462024","      10883.50","      33009","     309843","         67.06"
"INFY","EQ","13-Nov-2012","       2358.95","       2354.00","       2360.00","       2333.00","       2335.15","       2338.30","       2343.82","      70407","       1650.21","       4698","      31654","         44.96"
"INFY","EQ","15-Nov-2012","       2338.30","       2335.15","       2337.00","       2278.80","       2294.50","       2296.30","       2292.59","    1141631","      26172.96","      68215","     838515","         73.45"
"INFY","EQ","16-Nov-2012","       2296.30","       2291.00","       2387.00","       2291.00","       2336.90","       2343.35","       2353.91","    1711638","      40290.49","      88339","    1224798","         71.56"
"INFY","EQ","19-Nov-2012","       2343.35","       2344.00","       2381.20","       2336.65","       2360.50","       2358.55","       2356.61","     504516","      11889.47","      36159","     284130","         56.32"
"INFY","EQ","20-Nov-2012","       2358.55","       2377.15","       2377.15","       2312.80","       2327.95","       2324.75","       2327.31","     680038","      15826.57","      48892","     373896","         54.98"
"INFY","EQ","21-Nov-2012","       2324.75","       2329.70","       2363.90","       2321.40","       2350.00","       2349.85","       2346.69","     873726","      20503.61","      32745","     664811","         76.09"
"INFY","EQ","22-Nov-2012","       2349.85","       2348.00","       2392.00","       2335.00","       2382.00","       2382.60","       2373.33","     728414","      17287.69","      39042","     433281","         59.48"
"INFY","EQ","23-Nov-2012","       2382.60","       2382.00","       2399.00","       2357.05","       2374.00","       2377.55","       2376.55","     434717","      10331.29","      20214","     254759","         58.60"
"INFY","EQ","26-Nov-2012","       2377.55","       2390.75","       2421.00","       2390.75","       2415.00","       2417.40","       2405.16","     473507","      11388.58","      30204","     259685","         54.84"
"INFY","EQ","27-Nov-2012","       2417.40","       2422.00","       2480.00","       2421.85","       2464.80","       2470.65","       2458.27","     714663","      17568.34","      35029","     386502","         54.08"
"INFY","EQ","29-Nov-2012","       2470.65","       2450.00","       2459.25","       2426.50","       2436.00","       2445.25","       2442.27","    1295637","      31642.93","      77217","     922163","         71.17"
"INFY","EQ","30-Nov-2012","       2445.25","       2441.60","       2476.45","       2425.05","       2436.00","       2436.85","       2444.54","     881339","      21544.69","      47657","     554573","         62.92"
"INFY","EQ","03-Dec-2012","       2436.85","       2437.00","       2453.00","       2424.35","       2434.35","       2439.15","       2437.65","     650373","      15853.81","      45554","     465720","         71.61"
"INFY","EQ","04-Dec-2012","       2439.15","       2429.00","       2447.00","       2415.00","       2432.15","       2437.45","       2433.21","     563786","      13718.07","      51948","     324349","         57.53"
"INFY","EQ","05-Dec-2012","       2437.45","       2429.00","       2430.00","       2377.50","       2388.30","       2382.50","       2391.53","    1749378","      41836.83","      77062","    1259418","         71.99"
"INFY","EQ","06-Dec-2012","       2382.50","       2394.00","       2394.00","       2313.95","       2339.00","       2338.30","       2333.89","    1376491","      32125.72","      86654","     909134","         66.05"
"INFY","EQ","07-Dec-2012","       2338.30","       2321.00","       2348.50","       2311.10","       2320.50","       2321.15","       2324.32","    1185739","      27560.42","      63732","     773066","         65.20"
"INFY","EQ","10-Dec-2012","       2321.15","       2320.95","       2344.00","       2299.00","       2300.00","       2313.55","       2323.60","     853740","      19837.54","      45524","     596729","         69.90"
"INFY","EQ","11-Dec-2012","       2313.55","       2316.00","       2336.05","       2282.85","       2293.00","       2294.05","       2309.02","    1423053","      32858.63","      72544","    1052849","         73.99"
"INFY","EQ","12-Dec-2012","       2294.05","       2310.00","       2323.80","       2286.25","       2297.00","       2297.80","       2306.56","    1919961","      44284.98","     128228","    1505568","         78.42"
"INFY","EQ","13-Dec-2012","       2297.80","       2304.95","       2313.65","       2272.40","       2285.35","       2283.55","       2289.78","    1245889","      28528.15","      57377","     902355","         72.43"
"INFY","EQ","14-Dec-2012","       2283.55","       2273.00","       2295.05","       2266.00","       2281.50","       2278.80","       2278.44","    1063499","      24231.19","      66149","     713437","         67.08"
"INFY","EQ","17-Dec-2012","       2278.80","       2267.00","       2291.85","       2256.95","       2259.20","       2266.25","       2269.14","    1370205","      31091.90","      55788","    1036533","         75.65"
"INFY","EQ","18-Dec-2012","       2266.25","       2260.00","       2274.20","       2245.00","       2270.05","       2271.00","       2262.80","    1036500","      23453.92","      75649","     705196","         68.04"
"INFY","EQ","19-Dec-2012","       2271.00","       2274.00","       2299.90","       2270.05","       2299.00","       2296.15","       2284.75","    1248987","      28536.19","      85622","     880340","         70.48"
"INFY","EQ","20-Dec-2012","       2296.15","       2306.10","       2310.00","       2278.00","       2295.35","       2299.60","       2293.19","    1055216","      24198.11","      70890","     669456","         63.44"
"INFY","EQ","21-Dec-2012","       2299.60","       2299.00","       2321.30","       2286.80","       2289.00","       2296.85","       2304.79","     865502","      19948.00","      39328","     543559","         62.80"
"INFY","EQ","24-Dec-2012","       2296.85","       2321.10","       2328.40","       2313.00","       2324.35","       2322.30","       2322.64","     540499","      12553.86","      30833","     304497","         56.34"
"INFY","EQ","26-Dec-2012","       2322.30","       2323.00","       2330.90","       2304.35","       2315.90","       2315.25","       2314.05","     407945","       9440.07","      22339","     253398","         62.12"
"INFY","EQ","27-Dec-2012","       2315.25","       2327.80","       2329.00","       2276.65","       2293.50","       2287.75","       2295.91","    1013779","      23275.48","      30328","     538387","         53.11"
"INFY","EQ","28-Dec-2012","       2287.75","       2302.10","       2325.50","       2288.45","       2323.00","       2323.20","       2316.42","     883032","      20454.74","      45301","     639868","         72.46"
"INFY","EQ","31-Dec-2012","       2323.20","       2315.00","       2324.10","       2303.70","       2313.90","       2318.70","       2315.72","     431478","       9991.83","      22335","     263292","         61.02"
